NomeMunicipio ; UF ; OrgaoSuperior ; SituacaoConvenio ; ValorConvenio ; ValorLiberado ; ObjetoConvenio;;;;;
EXTERIOR ; EXTERIOR ; MINISTERIO DAS RELACOES EXTERIORES ; Adimplente ; 216419997.00 ; 216417302.36 ; CONVENIO BRASIL INSTITUTO DE CULTURA BRASIL COLOMBIA. DIVULGACAO DA   LINGUA PORTUGUESA. PROMOCaO_DA CULTURA BRASILEIRA E FORMAcaO DE       BIBLIOTECA ETC.;;;;;
EXTERIOR ; EXTERIOR ; MINISTERIO DAS RELACOES EXTERIORES ; Adimplente ; 237176.99 ; 201787.35 ; DIFUSAO DA LINGUA PORTUGUESA E DA CULTURA BRASILEIRA NA VENEZUELA.;;;;;
EXTERIOR ; EXTERIOR ; MINISTERIO DAS RELACOES EXTERIORES ; Concluido ; 15000.00 ; 15000.00 ; REALIZACAO DE EVENTOS (SEMINARIOS. CONFERENCIAS) E EDICAO DE PUBLICA- COES COM VISTAS A DIVULGACAO DO BRASIL NA ALEMANHA E A PROMOCAO DAS   RELACOES BILATERAIS NO AMBITO CULTURAL.;;;;;
EXTERIOR ; EXTERIOR ; MINISTERIO DAS RELACOES EXTERIORES ; Concluido ; 228796.63 ; 0.00 ; COLABORACAO ENTRE A EMBAIXADA E O INSTITUTO PARA A EXECUCAO DOS SEGUINTES PROGRAMAS. COM O OBJETIVO DE DIFUNDIR A LINGUA PORTUGUESA E PROMO-VER A CULTURA. AS ARTES. A HISTORIA E AS TRADICOES BRASILEIRAS: 'PROJETO APRENDA PORTUGUES'; QUE OFERECE CURSOS DE LINGUA PORTUGUESA. 'PROJETO e HORA DE CONHECER O BRASIL'. QUE INCLUI A REALIZACAO DE DIVERSOS  TIPOS DE EVENTOS; E 'PROJETO ATUALIZACAO DA NOSSA BIBLIOTECA'. PARA A-;;;
EXTERIOR ; EXTERIOR ; MINISTERIO DAS RELACOES EXTERIORES ; Adimplente ; 245759.00 ; 127172.70 ; COLABORACAO ENTRE A EMBAIXADA E O INSTITUTO PARA A EXECUCAO DOS SEGUINTES PROGRAMAS. COM O OBJETIVO DE DIFUNDIR A LINGUA PORTUGUESA E PROMO-VER A CULTURA. AS ARTES. A HISTORIA E AS TRADICOES BRASILEIRAS: PROJE-TO 'DIVULGACAO DA LINGUA PORTUGUESA'. QUE OFERECE CURSOS DE LINGUA PORTUGUESA; PROJETO 'CONHECER O BRASIL'. COM O LANCAMENTOS DE LIVROS E A REALIZACAO DE PALESTRAS; E O PROJETO 'FORMACAO DE BIBLIOTECA'. PARA MO;;;
EXTERIOR ; EXTERIOR ; MINISTERIO DAS RELACOES EXTERIORES ; Adimplente ; 0.00 ; 0.00 ; DIFUNDIR O ENSINO DO IDIOMA PARTUGUES EM SUA VARIANTE BRASILEIRA. IN- CLUSIVE NO QUE SE REFERE  A FORMACAO E CAPACITACAO DE PROFESSORES  DE PORTUGUES. DIVULGACAO DA CULTURA E DAS ARTES BRASILEIRAS.  INCLUSIVE  PRODUCAO EDITORIAL E CINEMATOGRAFICA. PROMOVER E DIVULGAR ESTUDOS  E  PESQUISAS SOBRE A CULTURA DO BRASIL E PRESERVAR AS TRADICOES E DIVUL- GAR A HISTORIA DO BRASIL.;;;;;
EXTERIOR ; EXTERIOR ; MINIST. DA INDUSTRIA. COM.EXTERIOR E SERVICOS ; Concluido ; 6462009.00 ; 800000.00 ; O PROJETO TEM COMO PROPOSITO A OBTENCAO DE COMPETENCIAS E O APRIMORA- MENTO DO ACESSO A CULTURA DE PROPRIEDADE INTELECTUAL PARA O USO DOS SETORES DA SOCIEDADE. DE FORMA A PERMITIR O AUMENTO DA PRODUTIVIDADE NASOPERACOES RELATIVAS A PATENTES. MARCAS. INFORMACAO TECNOLOGICA. PROCE-DIMENMTOS LEGAIS E CONTATOS DE TRANSFERENCIA DE TECNOLOGIA.;;;;;
EXTERIOR ; EXTERIOR ; MINISTERIO DAS RELACOES EXTERIORES ; Concluido ; 19600.00 ; 19600.00 ; REALIZACAO DE EVENTOS (SEMINARIOS. CONFERENCIAS) E EDICAO DE PUBLICACACOES COM VISTAS A DIVULGACAO DO BRASIL NA ALEMANHA E A PROMOCAO DAS   RELACOES BILATERAIS NO AMBITO CULTURAL.;;;;;
EXTERIOR ; EXTERIOR ; MINISTERIO DAS RELACOES EXTERIORES ; Adimplente ; 12500.00 ; 6250.00 ; PLANEJAR E PROMOVER SEMINARIOS. CONGRESSOS E PALESTRAS RELATIVAS A TEMAS DE ESTUDOS BRASILEIROS. JUNTO A ENTIDADES ACADEMICAS E A COMUNIDADELOCAL; ESTIMULAR A PRODUCAO INTELECTUAL VOLTADA PARA ASSUNTOS BRASILEIROS. ARTICULANDO O ENSINO DA LINGUA PORTUGUESA COM A DIFUSAO DA CULTURA BRASILEIRA EM SUAS MULTIPLAS VERTENTES; ORGANIZAR A RECEPCAO DE ACADEMICOS E INTELECTUAIS BRASILEIROS AS INSTITUICOES DO 'UNIVERSITY OF TE;;;
EXTERIOR ; EXTERIOR ; MINISTERIO DAS RELACOES EXTERIORES ; Concluido ; 357848.91 ; 0.00 ; DIFUSAO DA LINGUA PORTUGUESA E DA CULTURA BRASILEIRA NA VENEZUELA.;;;;;
EXTERIOR ; EXTERIOR ; MINISTERIO DAS RELACOES EXTERIORES ; Concluido ; 124816.94 ; 124816.94 ; COLABORACAO ENTRE A EMBAIXADA E A FUNDACAO CENTRO DE ESTUDOS BRASILEI-ROS PARA EXECUTAR PROGRAMAS. PROJETOS E EVENTOS DE INTERESSE RECIPROCOE VIABILIZAR A OPERACAO E AS ATIVIDADES ESTATUTARIAS DA FCDEB: DIFUSAOE ENSINO DO IDIOMA PORTUGUES. PROMOCAO E DIVULGACAO DE ESTUDOS E PES- QUISAS SOBRE A CULTURA BRASILEIRA. REALIZACAO DE SEMINARIOS. MOSTRAS. EXPOSICOES. SIMPOSIO. FESTIVAIS E ATIVIDADES SEMELHANTES; SERVICO DE;;;;
EXTERIOR ; EXTERIOR ; MINISTERIO DAS RELACOES EXTERIORES ; Concluido ; 405925.41 ; 0.00 ; EXECUCAO DE PROGRAMAS. PROJETOS E EVENTOS E A VIABILIZACAO DA OPERACAOE DAS ATIVIDADES ESTATUTARIAIS DO INSTITUTO:DIFUSAO E ENSINO DO IDIOMAPORTUGUES. FORMACAO E CAPACITACAO DE PROFESSORES DE PORTUGUES. DIVUL- GACAO DA CULTURA E ARTES BRASILEIRAS.;;;;;
EXTERIOR ; EXTERIOR ; MINISTERIO DAS RELACOES EXTERIORES ; Concluido ; 586259.96 ; 586259.96 ; REALIZACAO DE ATIVIDADES CULTURAIS ENTRE O CONSULADO-GERAL DO BRASIL  E O INSTITUTO BRASIL - ITALIA. IBRIT PARA PARA EXECUCAO DE PROGRAMAS. PROJETOS E EVENTOS DE INTERESSE RECIPROOCOS. TAIS COMO OS PROJETOS:   'A LINGUA e MINHA PATRIA'. 'LER E CONECTAR'E 'La VEM O BRASIL'.;;;;;
EXTERIOR ; EXTERIOR ; MINISTERIO DAS RELACOES EXTERIORES ; Concluido ; 469000.00 ; 0.00 ; EXECUCAO DE PROGRAMAS. PROJETOS E EVENTOS. E A VIABILIZACAO DA        OPERACAO E DAS ATIVIDADES ESTATUTARIAS DO INSTITUTO: DIFUSAO E ENSINO DO IDIOMA PORTUGUES. FORMACAO E CAPACITACAO DE PROFESSORES DE         PORTUGUES. DIVULGACAO DA CULTURA E DAS ARTES BRASILEIRAS.;;;;;
EXTERIOR ; EXTERIOR ; MINISTERIO DAS RELACOES EXTERIORES ; Concluido ; 98000.00 ; 98000.00 ; PROJETO PILOTO DE APOIO AO ENSINO DE PORTUGUES.DA CULTURA E LITERATURABRASILEIRAS NOS CURSOS DE BACHARELADO E MESTRADO DO INSTITUTO DE ESTU-DOS LATINO-AMERICANOS DA UNIVERSIDADE LIVRE DE BERLIM.;;;;;
EXTERIOR ; EXTERIOR ; MINISTERIO DAS RELACOES EXTERIORES ; Concluido ; 36000.00 ; 36000.00 ; O TITULAR DO NUCLEO SERA O PROFESSOR DR. PAULO VISENTINI. DA UNIVERSI-DADE FEDERAL DO RS. QUE VAI MINISTRAR DOIS CURSOS: ESPECIALIZACAO EM  GRADUACAO E MESTRADO. ALEM DISSO. VAI PROFERIR UM NUMERO DE CONFEREN- CIAS NOS PAISES BAIXOS E EM LONDRES SOBRE POLITICA EXTERNA. ESTA PRE- VISTA TAMBEM A VINDA DOS PROFESSORES DR. RICARDO CARNEIRO. UNICAMP. E DENILSON LOPES SILVA. UFRJ. PARA PARTICIPAREM DE CONFERENCIAS E MINIS-;;;;;
EXTERIOR ; EXTERIOR ; MINISTERIO DAS RELACOES EXTERIORES ; Concluido ; 12000.00 ; 12000.00 ; REALIZACAO DE EVENTOS (SEMINARIOS. CONFERENCIAS) E EDICAO DE PUBLICACACOES COM VISTAS A DIVULGACAO DO BRASIL NA ALEMANHA E A PROMOCAO DAS   RELACOES BILATERAIS NOS AMBITOS POLITICO. ECONOMICO. SOCIAL E CULTURAL;;;;;
EXTERIOR ; EXTERIOR ; MINISTERIO DAS RELACOES EXTERIORES ; Concluido ; 322439.00 ; 0.00 ; DIFUSAO E ENSINO DO IDIOMA PORTUGUES;DIVULGACAO DA CULTURA E DAS ARTESBRASILEIRAS;PROMOCAO E DIVULGACAO DE ESTUDOS E PESQUISAS SOBRE A CUL- TURA DO BRASIL;PRESERVACAO DAS TRADICOES E DA HISTORIA DO BRASIL NO   URUGUAI;MANUTENCAO DE BIBLIOTECA PARA CONSULTAS E EMPRESTIMOS DE OBRASAO PUBLICO;E REALIZACAO DE SEMINARIOS. MOSTRAS. EXPOSICOES. SIMPOSIOS.FESTIVAIS E ASSEMELHADOS PARA A CONCECUCAO DAS ATIVIDADES DESCRITAS.
EXTERIOR ; EXTERIOR ; MINISTERIO DAS RELACOES EXTERIORES ; Concluido ; 24000.00 ; 24000.00 ; MUTUA COOPERACAO ENTRE O CONSULADO-GERAL DE MIAMI E O BROWARD CENTER  FOR THE PERFORMING ARTS PARA EXECUCAO DE PROGRAMAS. PROJETOS E EVENTOSDE INTERESSE RECIPROCO NO AMBITO DA CRIACAO DE PONTO DE CULTURA NO SULDA FLORIDA.;;;;;
EXTERIOR ; EXTERIOR ; MINISTERIO DAS RELACOES EXTERIORES ; Concluido ; 691220.00 ; 0.00 ; DIFUSAO E ENSINO DO IDIOMA PORTUGUES EM TODO O TERRITORIO ARGENTINO.  DIVULGACAO DA CULTURA E DAS ARTES BRASILEIRAS; PROMOCAO E DIVULGACAO  DE ESTUDOS E PESQUISAS SOBRE A CULTURA DO BRASIL; PRESERVACAO DAS TRA-DICOES E DIVULGACAO DA HISTORIA DO BRASIL; SERVICO DE BIBLIOTECA PARA CONSULTA E EMPRESTIMOS DE OBRAS AO PUBLICO; REALIZACAO DE  SEMINARIOS.MOSTRAS. EXPOSICOES. SIMPOSIOS. FESTIVAIS E ASSEMELHADOS PARA A CONSE-;
EXTERIOR ; EXTERIOR ; MINISTERIO DAS RELACOES EXTERIORES ; Concluido ; 25000.00 ; 25000.00 ; PLANEJAR. PROMOVER E APOIAR SEMINARIOS. CONGRESSOS E PALESTRAS RELATI-VOS A TEMAS DE ESTUDOS BRASILEIROS. JUNTO A ENTIDADES ACADEMICOS E a  COMUNIDADE LOCAL. ESTIMULAR A PRODUCAO INTELECTUAL VOLTADA PARA ASSUN-TOS BRASILEIROS. ARTICULANDO A DIFUSAO DA CULTURA DO BRASIL EM SUAS   MULTIPLAS VERTENTES. ORGANIZAR A RECEPCAO DE ACADEMICOS E INTELECTUAISBRASILEIRAS aS INSTITUICOES DO 'UNIVERSITY OF TEXAS SYSTEM'.;;;;;
EXTERIOR ; EXTERIOR ; MINISTERIO DAS RELACOES EXTERIORES ; Concluido ; 95403.47 ; 95403.47 ; DIFUSAO DA LINGUA PORTUGUESA E DA CULTURA BRASILEIRA NA VENEZUELA.;;;;;
EXTERIOR ; EXTERIOR ; MINISTERIO DAS RELACOES EXTERIORES ; Concluido ; 30000.00 ; 5998.69 ; IMPLEMENTACAO DE PONTO DE CULTURA DO SUL DA FLORIDA - FORT LAUDERDALE.EUA. VISANDO A PRESERVACAO. O DESENVOLVIMENTO E A DIFUSAO DA CULTURA  BRASILEIRA EM TODA A SUA DIVERSIDADE.;;;;;
EXTERIOR ; EXTERIOR ; MINISTERIO DAS RELACOES EXTERIORES ; Concluido ; 56167.62 ; 56167.62 ; COLABORACAO ENTRE A EMBAIXADA DO BRASIL EM SAO JOSE E A FUNDACAO DE   CULTURA. DIFUSAO E ESTUDOS BRASILEIROS PARA EXECUTAR PROGRAMAS. PROJE-TOS E EVENTOS DE INTERESSE RECIPROCO. E VIABILIZAR A OPERACAO E AS    ATIVIDADES ESTATUTARIAS DA FCDEB: DIFUSAO E ENSINO DO IDIOMA PORTU-   GUES. DIVULGACAO DA CULTURA E DAS ARTES BRASILEIRAS. REALIZACAO DE SE-MINARIOS. MOSTRAS. EXPOSICOES. SIMPOSIOS. FESTIVAIS E ATIVIDADES SEME-;;;;;
EXTERIOR ; EXTERIOR ; MINISTERIO DAS RELACOES EXTERIORES ; Concluido ; 118907.00 ; 118907.00 ; DIFUSAO E ENSINO DO IDIOMA PORTUGUES;DIVULGACAO DA CULTURA E DAS ARTESBRASILEIRAS; PROMOcaO E DIVULGACAO DE ESTUDOS E PESQUISAS SOBRE A CUL-TURA DO BRASIL; PRESERVACAO DAS TRADICOES E DA HISTORIA DO BRASIL NO  URUGUAI;MANUTENCAO DE BIBLIOTECA PARA CONSULTAS E EMPRESTIMOS DE OBRASAO PUBLICO;E REALIZACAO DE SEMINARIOS. MOSTRAS. EXPOSICOES. SIMPOSIOS.FESTIVAIS E ASSEMELHADOS PARA A CONSECUCAO DAS ATIVIDADES DESCRITAS.
EXTERIOR ; EXTERIOR ; MINISTERIO DAS RELACOES EXTERIORES ; Concluido ; 13000.00 ; 13000.00 ; CONVENIO DE COOPERACAO PARA CAPACITACAO EM LINGUA PORTUGUESA E CULTURABRASILEIRA DE PARLAMENTARES. ASSESSORES E FUNCIONARIOS DA CAMARA E DO SENADO ARGENTINOS.;;;;;
EXTERIOR ; EXTERIOR ; MINISTERIO DAS RELACOES EXTERIORES ; Concluido ; 18042.16 ; 18042.16 ; COLABORACAO ENTRE A EMBAIXADA E A FUNDACAO CENTRO DE ESTUDOS BRASILEI-ROS PARA EXECUTAR PROGRAMAS. PROJETOS E EVENTOS DE INTERESSE RECIPROCOE VIABILIZAR A OPERACAO E AS ATIVIDADES ESTATUTARIAS DA FUNDACAO  CEN-TRO DE ESTUDOS: DIFUSAO E O ENSINO DO IDIOMA PORTUGUES. DIVULGACAO DA CULTURA E DAS ARTES BRASILEIRAS. REALIZACAO DE SEMINARIOS. MOSTRAS.EX-POSICOES. SIMPOSIOS. FESTIVAIS E ATIVIDADES SEMELHANTES.;;;;;
EXTERIOR ; EXTERIOR ; MINISTERIO DAS RELACOES EXTERIORES ; Concluido ; 58955.00 ; 58955.00 ; DIFUSAO E ENSINO DO IDIOMA PORTUGUES. DIVULGACAO DA CULTURA E DAS AR- TES BRASILEIRAS. PROMOCAO E DIVULGACAO DE ESTUDOS E PESQUISAS SOBRE A CULTURA DO BRASIL. PRESERVACAO DAS TRADICOES E DA HISTORIA DO BRASIL.;;;;;
EXTERIOR ; EXTERIOR ; MINISTERIO DAS RELACOES EXTERIORES ; Concluido ; 50500.00 ; 50500.00 ; DIFUSAO DA LINGUA PORTUGUESA E DA CULTURA BRASILEIRA NA VENEZUELA.;;;;;
EXTERIOR ; EXTERIOR ; MINISTERIO DAS RELACOES EXTERIORES ; Concluido ; 203166.24 ; 203166.24 ; COLABORACAO ENTRE A EMBAIXADA E O IBEC PARA EXECUTAR PROGRAMAS. PROJE-TOS E EVENTOS DE INTERESSE RECIPROCO E. VIABILIZA A OPERACAO E AS ATI-VIDADES ESTATUTARIAS DO INSTITUTO: DIFUSAO E ENSINO DO IDIOMA PORTUGUES. DIVULGACAO DA CULTURA E DAS ARTES BRASILEIRAS. PROMOCAO E DIVULGA- CAO DE ESTUDOS E PESQUISAS SOBRE A CULTURA DO BRASIL. REALIZACAO DE SEMINARIOS. MOSTRAS. EXPOSICOES. SIMPOSIO. FESTIVAIS E ATIVIDADES SEME-;;;;;
EXTERIOR ; EXTERIOR ; MINISTERIO DAS RELACOES EXTERIORES ; Concluido ; 251826.00 ; 251826.00 ; EXECUCAO DE PROGRAMAS. PROJETOS E EVENTOS E VIABILIZACAO DA OPERACAO EDAS ATIVIDADES ESTATUARIAS DO INSTITUTO: DIFUSAO E ENSINO DO IDIOMA   PORTUGUES. FORMACAO E CAPACITACAO DE PROFESSORES DE PORTUGUES. DIVULGACAO DA CULTURA E ARTES BRASILEIRAS.;;;;;
EXTERIOR ; EXTERIOR ; MINISTERIO DAS RELACOES EXTERIORES ; Concluido ; 459242.36 ; 459242.36 ; EXPANSAO E DIFUSAO DA LINGUA PORTUGUESA (CURSOS E BIBLIOTECA) E CULTU-RA BRASILEIRA. BEM COMO. AGREGACAO DA COMUNIDADE DE IMIGRANTES BRASI- LEIROS.;;;;;
EXTERIOR ; EXTERIOR ; MINISTERIO DAS RELACOES EXTERIORES ; Concluido ; 30000.00 ; 30000.00 ; OFERECER A COMUNIDADE BRASILEIRA RESIDENTE EM SAO FRANCISCO. NA FAIXA DE 10 A 20 ANOS. ATIVIDADES ARTISTICAS E DESPORTIVAS LIGADAS A PRESER-VACAO E A PROMOCAO DA LINGUA PORTUGUESA E DA CULTURA BRASILEIRA.;;;;;
EXTERIOR ; EXTERIOR ; MINISTERIO DAS RELACOES EXTERIORES ; Concluido ; 451049.00 ; 0.00 ; DIFUSAO E ENSINO DO IDIOMA PORTUGUES EM TODO O TERRITORIO ARGENTINO. DIVULGACAO DA CULTURA E DAS ARTES BRASILEIRAS. PROMOCAO E DIVULGACAO DE ESTUDOS E PESQUISAS SOBRE A CULTURA DO BRASIL. PRESERVACAO DAS TRADICOES E DIVULGACAO DA HISTORIA DO BRASIL. SERVICO DE BIBLIOTECA PARA CONSULTAS E EMPRESTIMOS DE OBRAS AO PUBLICO. REALIZACAO DE SEMINARIOS. MOSTRAS. EXPOSICOES. SIMPOSIOS. FESTIVAIS E ASSEMELHADOS PARA A CONSECUC;;;;;
EXTERIOR ; EXTERIOR ; MINISTERIO DAS RELACOES EXTERIORES ; Concluido ; 12000.00 ; 12000.00 ; REALIZACAO DE EVENTOS (SEMINARIOS. CONFERENCIAS) E EDICAO DE PUBLICA- COES COM VISTAS A DIVULGACAO DO BRASIL NA ALEMANHA E A PROMOCAO DAS RELACOES BILATERAIS NOS AMBITOS POLITICO. ECONOMICO. SOCIAL E CULTURAL.;;;;;
EXTERIOR ; EXTERIOR ; MINISTERIO DAS RELACOES EXTERIORES ; Concluido ; 10000.00 ; 0.00 ; COOPERACAO ACADEMICA. CULTURAL E EDUCACIONAL ENTRE O URUGUAI E O BRA- SIL. A FIM DE DIFUNDIR A LINGUA PORTUGUESA E A CULTURA BRASILEIRA. A  SE CONCRETIZAR POR MEIO DE APOIO AS ATIVIDADES DO NUCLEO DE ESTUDOS   BRASILEIROS DA FACULDADE DE HUMANIDADES E CIENCIAS DA EDUCACAO DA UNI-VERSIDADE DA REPUBLICA.;;;;;
EXTERIOR ; EXTERIOR ; MINISTERIO DAS RELACOES EXTERIORES ; Concluido ; 6750.00 ; 6750.00 ; O PROJETO DE COOPERACAO COM A YEREVAN STATE UNIVERSITY TEM COMO OBJETOA CONTRATACAO DE UM LEITOR BRASILEIRO PARA DAR AULAS DA LINGUA PORTU- GUESA E CULTURA BRASILEIRA EM NIVEL ACADEMICO ELEVADO. DE MODO A TRANSMITIR A FUTUROS FORMADORES DE OPINIAO ARMENIOS. ENSINAMENTOS MAIS APU-RADOS DA LINGUA E DA CULTURA NACIONAIS. QUE LHES PERMITAM AMPLIAR O CONHECIMENTO E O INTERESSE PELO BRASIL.;;;;;
EXTERIOR ; EXTERIOR ; MINISTERIO DAS RELACOES EXTERIORES ; Concluido ; 1500.00 ; 1500.00 ; CAPACITAR. EM NIVEL NACIONAL. A GUIAS TURISTICOS QUE PRESTAM SERVICOS NAS REDUCOES JESUISTICAS LOCALIZADAS NA REPUBLICA DO PARAGUAI.;;;;;
EXTERIOR ; EXTERIOR ; MINISTERIO DAS RELACOES EXTERIORES ; Concluido ; 125348.04 ; 125348.04 ; DIFUSAO E ENSINO DO IDIOMA PORTUGUES.DIVULGACAO DA CULTURA E DAS ARTESBRASILEIRAS. PROMOCAO E DIVULGACAO DE ESTUDOS E PESQUISAS SOBRE A CUL-TURA DO BRASIL. PRESERVACAO DAS TRADICOES E DA HISTORIA DO BRASIL. SERVICO DE BIBLIOTECA PARA CONSULTAS E EMPRESTIMOS DE OBRAS AO PUBLICO.  REALIZACAO DE SEMINARIOS. MOSTRAS. EXPOSICOES. SIMPOSIOS. FESTIVAIS E ASSEMELHADOS PARA A CONSECUCAO DAS ATIVIDADES DESCRITAS.;;;;;
EXTERIOR ; EXTERIOR ; MINISTERIO DAS RELACOES EXTERIORES ; Concluido ; 56000.00 ; 56000.00 ; SETE PROJETOS DE TRADUCAO LITERARIA. CURSOS ACADEMICOS. SIMPOSIOS. CONCERTOS E CONFERENCIAS PARA A DIFUSAO DA CULTURA BRASILEIRA NA ESPANHA.;;;;;
EXTERIOR ; EXTERIOR ; MINISTERIO DAS RELACOES EXTERIORES ; Concluido ; 9000.00 ; 9000.00 ; O PROJETO DE COOPERACAO COM A UNIV. VICTORIA TEM COMO OBJETO A CONTRA-TACAO DE UM LEITOR BRASILEIRO PARA DAR AULAS DE LINGUA E CULTURA BRASILEIRA EM NIVEL ACADEMICO ELEVADO. DE MODO A TRANSMITIR A FUTUROS FORMADORES DE OPINIAO NEOZELANDES ENSINAMENTOS MAIS APURADOS DA LINGUA E DACULTURA NACIONAIS. QUE LHES PERMITAM AMPLIAR O CONHECIMENTO E O INTE- RESSE PELO BRASIL.;;;;;
EXTERIOR ; EXTERIOR ; MINISTERIO DAS RELACOES EXTERIORES ; Concluido ; 26994.00 ; 26994.00 ; COOPERACAO COM O INSTITUTO DE ESTUDOS LATINO-AMERICANOS DA UNIVERSIDA-DE LIVRE DE BERLIM. PARA IMPLEMENTAR PROJETO PILOTO DE APOIO AO ENSINODO PORTUGUES E DA CULTURA E LITERATURA BRASILEIRAS.;;;;;
EXTERIOR ; EXTERIOR ; MINISTERIO DAS RELACOES EXTERIORES ; Concluido ; 10000.00 ; 10000.00 ; PLANEJAR. PROMOVER E APOIAR SEMINARIOS. CONGRESSOS E PALESTRAS RELATI-VOS A TEMAS DE ESTUDOS BRASILEIROS. JUNTO A ENTIDADES ACADEMICAS E A  COMUNIDADE LOCAL. ESTIMULAR A PRODUCAO INTELECTUAL VOLTADA PARA ASSUN-TOS BRASILEIROS. ARTICULANDO A DIFUSAO DA CULTURA DO BRASIL EM SUAS   MULTIPLAS VERTENTES. ORGANIZAR A RECEPCAO DE ACADEMICOS E INTELECTUAISBRASILEIROS aS INSTITUICOES DO 'UNIVERSITY OF TEXAS SYSTEM'.;;;;;
EXTERIOR ; EXTERIOR ; MINISTERIO DAS RELACOES EXTERIORES ; Concluido ; 7500.00 ; 7500.00 ; MINISTRAR CURSO PARA O DEPARTAMENTO DE ESTUDOS LATINO-AMERICANOS E DE LINGUISTICA. PRONUNCIAR CONFERENCIA ABERTA A TODOS OS ALUNOS DA UNIVERSIDADE INTERESSADOS NO BRASIL. AOS PATROCINADORES DO NUCLEO. A OUTROS PROFESSORES E AUTORIDADES DA UNIVERSIDADE E A REPRESENTANTES DO CORPO DIPLOMATICO SEDIADO NA HAIA.;;;;;
EXTERIOR ; EXTERIOR ; MINISTERIO DAS RELACOES EXTERIORES ; Concluido ; 277000.00 ; 0.00 ; DIFUSAO E ENSINO DO IDIOMA PORTUGUES EM TODO O TERRITORIO ARGENTINO. DIVULGACAO DA CULTURA E DAS ARTES BRASILEIRAS. PROMOCAO E DIVULGACAO DEESTUDOS E PESQUISAS SOBRE A CULTURA DO BRASIL. PRESERVACAO DAS TRADI- COES E DIVULGACAO DA HISTORIA DO BRASIL. SERVICO DE BIBLIOTECA PARA CONSULTAS E EMPRESTIMOS DE OBRAS AO PUBLICO. REALIZACAO DE SEMINARIO.MOSTRAS EXPOSICOES SIMPOSIOS. FESTIVAIS E ASSEMELHADOS PARA A CONSECUCAO;;;;;
EXTERIOR ; EXTERIOR ; MINISTERIO DAS RELACOES EXTERIORES ; Concluido ; 62408.48 ; 62408.48 ; COLABORACAO ENTRE A EMBAIXADA E A FUNDACAO CENTRO DE ESTUDOS BRASILEI-ROS PARA EXECUTAR PROGRAMAS. PROJETOS E EVENTOS DE INTERESSE RECIPROCOE VIABILIZAR A OPERACAO E AS ATIVIDADES ESTATUTARIAS DA FUNDACAO CEN- TRO DE ESTUDOS: DIFUSAO E O ENSINO DO IDIOMA PORTUGUES. DIVULGACAO DA CULTURA E DAS ARTES BRASILEIRAS. REALIZACAO DE SEMINARIOS. MOSTRAS. EXPOSICOES. SIMPOSIOS. FESTIVAIS E ATIVIDADES SEMELHANTES PARA A CONSECU;;;;;
EXTERIOR ; EXTERIOR ; MINISTERIO DAS RELACOES EXTERIORES ; Concluido ; 175000.00 ; 175000.00 ; EXECUCAO DE PROGRAMAS. PROJETOS E EVENTOS DE INTERESSE RECIPROCO. EM  REGIME DE MUTUA COOPERACAO ENTRE A EMBAIXADA DO BRASIL EM WASHINGTON EO BACI.;;;;;
EXTERIOR ; EXTERIOR ; MINISTERIO DAS RELACOES EXTERIORES ; Concluido ; 211362.00 ; 211362.00 ; COLABORACAO ENTRE A EMBAIXADA E O IBEC PARA EXECUTAR PROGRAMAS. PROJE-TOS E EVENTOS DE INTERESSE RECIPROCO. E VIABILIZAR A OPERACAO E AS ATIVIDADES ESTATUTARIAS DO INSTITUTO: DIFUSAO E O ENSINO DO IDIOMA PORTU-GUES. DIVULGACAO DA CULTURA E DAS ARTES BRASILEIRAS. PROMOCAO E DIVUL-GACAO DE ESTUDOS E PESQUISAS SOBRE A CULTURA DO BRASIL. REALIZACAO DE SEMINARIOS. MOSTRAS. EXPOSICOES. SIMPOSIOS. FESTIVAIS E ATIVIDADES SE-;;;;;
EXTERIOR ; EXTERIOR ; MINISTERIO DAS RELACOES EXTERIORES ; Concluido ; 250015.58 ; 250015.58 ; EXPANSAO DOS SERVICOS DE DIFUSAO DA LINGUA PORTUGUESA (CURSOS E BIBLIOTECA). BUSCA CONTINUA DE UM CALENDARIO DE EVENTOS DINAMICO E INOVATIVOA COMUNICACAO TRANSPARENTE E EFICAZ COM O PUBLICO. VALORIZACAO FORMA- TIVA DOS SEUS RECURSOS HUMANOS. O PLANEJAMENTO METICULOSO E CRIATIVO  DO SEU CRESCIMENTO ESTRUTURAL.;;;;;
EXTERIOR ; EXTERIOR ; MINISTERIO DAS RELACOES EXTERIORES ; Concluido ; 101250.00 ; 101250.00 ; DIFUSAO DA LINGUA PORTUGUESA E DA CULTURA BRASILEIRA NA VENEZUELA.;;;;;
EXTERIOR ; EXTERIOR ; MINISTERIO DAS RELACOES EXTERIORES ; Concluido ; 161600.00 ; 161600.00 ; COLABORACAO ENTRE A EMBAIXADA E O INSTITUTO PARA EXECUTAR PROGRAMAS.  PROJETOS E EVENTOS DE INTERESSE RECIPROCO. E VIABILIZAR A OPERACAO E  AS ATIVIDADES ESTATUTARIAS DO INSTITUTO: DIFUSAO E ENSINO DO IDIOMA   PORTUGUES. DIVULGACAO DA CULTURA E DAS ARTES BRASILEIRAS. PROMOCAO E  DIVULGACAO DE ESTUDOS E PESQUISAS SOBRE A CULTURA DO BRASIL;REALIZACAODE SEMINARIOS. MOSTRAS. EXPOSICOES. SIMPOSIOS. FESTIVAIS E CONCURSOS.;;;;
EXTERIOR ; EXTERIOR ; MINISTERIO DAS RELACOES EXTERIORES ; Concluido ; 12275.00 ; 12275.00 ; PROJETO PILOTO DE ENSINO DE PORTUGUES. COMO ATIVIDADE EXTRA-CURRICULAREM ESCOLA PUBLICA ELEMENTAR DO CONDADO DE BROWARD. NO SUL DA FLORIDA. EUA. E A PRIMEIRA PARTE DE UM PROGRAMA QUE BUSCA INTEGRAR O PORTUGUES AOS CURRICULOS DAS ESCOLAS DE NIVEL MEDIOS E SECUNDARIO.;;;;;
EXTERIOR ; EXTERIOR ; MINISTERIO DAS RELACOES EXTERIORES ; Concluido ; 277000.00 ; 277000.00 ; DIFUSAO E ENSINO DO IDIOMA PORTUGUES EM TODO O TERRITORIO ARGENTINO.  DIVULGACAO DA CULTURA E DAS ARTES BRASILEIRAS. PROMOCAO E DIVULGACAO  DE ESTUDOS E PESQUISAS SOBRE A CULTURA DO BRASIL. PRESERVACAO DAS TRA-DICOES E DIVULGACAO DA HISTORIA DO BRASIL. SERVICO DE BIBLIOTECA PARA CONSULTAS E EMPRESTIMOS DE OBRAS AO PUBLICO. REALIZACAO DE SEMINARIOS.MOSTRAS. EXPOSICOES. SIMPOSIOS. FESTIVAIS E ASSEMELHADOS PARA A CONSE-;;;;;
EXTERIOR ; EXTERIOR ; MINISTERIO DAS RELACOES EXTERIORES ; Concluido ; 125348.04 ; 125348.04 ; DIFUSAO E ENSINO DO IDIOMA PORTUGUES. DIVULGACAO DA CULTURA E DAS AR- TES BRASILEIRAS. PROMOCAO E DIVULGACAO DE ESTUDOS E PESQUISAS SOBRE A CULTURA DO BRASIL. PRESERVACAO DAS TRADICOES E DA HISTORIA DO BRASIL. REALIZACAO DE SEMINARIOS. MOSTRAS. EXPOSICOES. SIMPOSIOS. FESTIVAIS E ASSEMELHADOS PARA A CONSECUCAO DAS ATIVIDADES DESCRITAS.;;;;;
EXTERIOR ; EXTERIOR ; MINISTERIO DAS RELACOES EXTERIORES ; Concluido ; 141268.08 ; 141268.08 ; COLABORACAO ENTRE A EMBAIXADA E O IBEC PARA EXECUTAR PROGRAMAS. PROJE-TOS E EVENTOS DE INTERESSE RECIPROCO. VIABILIZAR A OPERACAO E AS ATIVIDADES ESTATUTARIAS DO INSTITUTO: DIFUSAO E ENSINO DO IDIOMA PORTUGUES.DIVULGACAO DA CULTURA E DAS ARTES BRASILEIRAS. PROMOCAO E DIVULGACAO  DE ESTUDOS E PESQUISAS SOBRE A CULTURA DO BRASIL. REALIZACAO DE SEMINARIOS. MOSTRAS. EXPOSICOES. SIMPOSIOS E FESTIVAIS.;;;;;
EXTERIOR ; EXTERIOR ; MINISTERIO DAS RELACOES EXTERIORES ; Concluido ; 175000.00 ; 175000.00 ; EXECUCAO DE PROGRAMAS. PROJETOS E EVENTOS DE INTERESSE RECIPROCO.EM REGIME DE MUTUA COOPERACAO ENTRE A EMBAIXADA DO BRASIL EM WASHINGTON E  O BACI.;;;;;
EXTERIOR ; EXTERIOR ; MINISTERIO DAS RELACOES EXTERIORES ; Concluido ; 101250.00 ; 101250.00 ; DIFUSAO DA LINGUA PORTUGUESA E DA CULTURA BRASILEIRA NA VENEZUELA.;;;;;
EXTERIOR ; EXTERIOR ; MINISTERIO DAS RELACOES EXTERIORES ; Concluido ; 212438.00 ; 212438.00 ; EXPANSAO DOS SERVICOS DE DIFUSAO DA LINGUA PORTUGUESA (CURSOS E BIBLIOTECA). BUSCA CONTINUA DE UM CALENDARIO DE EVENTOS DINAMICO E INOVATIVOCOMUNICACAO TRANSPARENTE E EFICAZ COM O PUBLICO. VALORIZACAO FORMATIVADOS SEUS RECURSOS HUMANOS. PLANEJAMENTO METICULOSO E CRIATIVO DO SEU  CRESCIMENTO ESTRUTURAL.;;;;;
EXTERIOR ; EXTERIOR ; MINISTERIO DAS RELACOES EXTERIORES ; Concluido ; 161600.00 ; 161600.00 ; COLABORACAO ENTRE A EMBAIXADA E O INSTITUTO PARA EXECUTAR PROGRAMAS.  PROJETOS E EVENTOS DE INTERESSE RECIPROCO E VIABILIZAR A OPERACAO E ASATIVIDADES ESTATUTARIAS DO INSTITUTO: DIFUSAO E O ENSINO DO IDIOMA PORTUGUES. DIVULGACAO DA CULTURA E DAS ARTES BRASILEIRAS. PROMOCAO E DI- VULGACAO DE ESTUDOS E PESQUISAS SOBRE A CULTURA DO BRASIL. REALIZACAO DE SEMINARIOS. MOSTRAS. EXPOSICOES. SIMPOSIOS E FESTIVAIS.;;;;;
EXTERIOR ; EXTERIOR ; MINISTERIO DAS RELACOES EXTERIORES ; Concluido ; 64208.48 ; 64208.48 ; COLABORACAO ENTRE A EMBAIXADA E A FUNDACAO CENTRO DE ESTUDOS BRASILEI-ROS PARA EXECUTAR PROGRAMAS. PROJETOS E EVENTOS DE INTERESSE RECIPROCOE VIABILIZAR A OPERACAO E AS ATIVIDADES ESTATUTARIAS DA FUNDACAO CEN- TRO DE ESTUDOS: DIFUSAO E O ENSINO DO IDIOMA PORTUGUES. DIVULGACAO DA CULTURA E DAS ARTES BRASILEIRAS. PROMOCAO E DIVULGACAO DE ESTUDOS E   PESQUISAS SOBRE A CULTURA DO BRASIL. REALIZACAO DE SEMINARIOS. MOSTRAS;;;;;
EXTERIOR ; EXTERIOR ; MINISTERIO DAS RELACOES EXTERIORES ; Concluido ; 165625.00 ; 165625.00 ; EXECUCAO DE PROGRAMAS. PROJETOS E EVENTOS DE INTERESSE RECIPROCO.EM REGIME DE MUTUA COOPERACAO ENTRE A EMBAIXADA DO BRASIL EM MONTEVIDEU E OINSTITUTO CULTURAL URUGUAIO-BRASILEIRO.;;;;;
EXTERIOR ; EXTERIOR ; MINISTERIO DAS RELACOES EXTERIORES ; Concluido ; 75000.00 ; 75000.00 ; COLABORACAO ENTRE A EMBAIXADA DO BRASIL EM CARACAS E O INSTITUTO CUL- TURAL BRASIL-VENEZUELA. ICBV. PARA EXECUTAR PROGRAMAS. PROJETOS E EVENTOS DE INTERESSE RECIPROCO. BEM COMO VIABILIZAR AS OPERACOES E ATIVIDADES ESTATUTARIAS DO INSTITUTO.;;;;;
EXTERIOR ; EXTERIOR ; MINISTERIO DAS RELACOES EXTERIORES ; Concluido ; 300000.00 ; 300000.00 ; COLABORACAO ENTRE A EMBAIXADA DO BRASIL EM WASHINGTON E O BRAZILIAN   AMERICAN INSTITUTE. BACI. PARA EXECUTAR PROGRAMAS. PROJETOS E EVENTOS DE INTERESSE RECIPROCO. VIABILIZAR A OPERACAO E AS ATIVIDADES ESTATUTARIAS DO INSTITUTO.;;;;;
EXTERIOR ; EXTERIOR ; MINISTERIO DAS RELACOES EXTERIORES ; Concluido ; 115000.00 ; 115000.00 ; EXECUCAO DE PROGRAMAS. PROJETOS E EVENTOS DE INTERESSE RECIPROCO. EM  REGIME DE MUTUA COOPERACAO ENTRE A EMBAIXADA DO BRASIL EM BOGOTA E O  INSTITUTO DE CULTURA BRASIL-COLOMBIA - IBRACO.;;;;;
EXTERIOR ; EXTERIOR ; MINISTERIO DAS RELACOES EXTERIORES ; Concluido ; 287434.28 ; 287434.28 ; REGULAMENTAR A COLABORACAO ENTRE O CONSULADO-GERAL DO BRASIL EM MILAO E O INSTITUTO BRASIL-ITALIA- IBRIT.PARA EXECUCAO DE PROGRAMAS.PROJETOSE EVENTOS DE INTERESSE RECIPROCO.;;;;;
EXTERIOR ; EXTERIOR ; MINISTERIO DAS RELACOES EXTERIORES ; Concluido ; 73000.00 ; 73000.00 ; REGULAMENTAR A COLABORACAO ENTRE A EMBAIXADA DO BRASIL EM SAO JOSE E  A FUNDACAO CENTRO DE ESTUDOS BRASILEIROS. NA COSTA RICA. PARA EXECUTARPROGRAMAS. PROJETOS E EVENTOS DE INTERESSE RECIPROCO. VIABILIZAR A OPERACAO E AS ATIVIDADES ESTATUTARIAS DA FUNDACAO.;;;;;
EXTERIOR ; EXTERIOR ; MINISTERIO DAS RELACOES EXTERIORES ; Concluido ; 184000.00 ; 184000.00 ; REGULAMENTAR A COLABORACAO ENTRE A EMBAIXADA DO BRASIL EM QUITO E O   INSTITUTO BRASILEIRO-EQUATORIANO DE CULTURA PARA EXECUTAR PROGRAMAS.  PROJETOS E EVENTOS DE INTERESSE RECIPROCO. VIABILIZAR A OPERACAO E AS ATIVIDADES ESTATUTARIAS DO INSTITUTO.;;;;;
EXTERIOR ; EXTERIOR ; MINISTERIO DAS RELACOES EXTERIORES ; Concluido ; 296125.00 ; 296125.00 ; COLABORACAO ENTRE A EMBAIXADA EM BUENOS AIRES E A FUNDACAO CENTRO DE  ESTUDOS BRASILEIROS. PARA EXECUTAR PROGRAMAS. PROJETOS E EVENTOS DE   INTERESSE RECIPROCO. VIABILIZAR A OPERACAO E AS ATIVIDADES ESTATUTARI-AS DA FUNDACAO.;;;;;
EXTERIOR ; EXTERIOR ; MINISTERIO DAS RELACOES EXTERIORES ; Concluido ; 308006.50 ; 308006.50 ; CONCESSAO DE APOIO FINANCEIRO PARA DIFUSAO E ENSINO DO IDIOMA PORTU-  GUES. DIVULGACAO DA CULTURA E DAS ARTES BRASILEIRAS. PROMOCAO E DIVUL-GACAO DE ESTUDOS E PESQUISAS SOBRE A CULTURA DO BRASIL. PRESERVACAO   DAS TRADICOES E DIVULGACAO DA HISTORIA DO BRASIL. REALIZACAO DE SEMI- NARIOS. MOSTRAS. EXPOSICOES. SIMPOSIOS. FESTIVAIS E ASSEMELHADOS PARA CONCESSAO DESSAS ATIVIDADES.;;;;;
EXTERIOR ; EXTERIOR ; MINISTERIO DAS RELACOES EXTERIORES ; Concluido ; 165625.00 ; 165625.00 ; EXECUCAO DE PROGRAMAS. PROJETOS E EVENTOS DE INTERESSE RECIPROCOS E   VIABILIZAR A OPERACAO E AS ATIVIDADES ESTATUTARIAS DO INSTITUTO.;;;;;
EXTERIOR ; EXTERIOR ; MINISTERIO DAS RELACOES EXTERIORES ; Concluido ; 75000.00 ; 75000.00 ; COLABORACAO ENTRE A EMBAIXADA DO BRASIL EM CARACAS E O INSTITUTO CULTURAL BRASIL-VENEZUELA PARA REALIZAR PROGRAMAS. PROJETOS E EVENTOS DE INTERESSE RECIPROCOS. BEM COMO VIABILIZAR AS OPERACOES E ATIVIDADES ESTATUTARIAS DO INSTITUTO.;;;;;
EXTERIOR ; EXTERIOR ; MINISTERIO DAS RELACOES EXTERIORES ; Concluido ; 100000.00 ; 100000.00 ; NORMATIZAR A COLABORACAO ENTRE A EMBAIXADA DO BRASIL EM BOGOTA E O INSTITUTO DE CULTURA BRASIL-COLOMBIA PARA EXECUTAR PROGRAMAS. PROJETOS E EVENTOS DE INTERESSE RECIPROCO. VIABILIZAR A OPERACAO E AS ATIVIDADES ESTATUTARIAS DO INSTITUTO.;;;;;
EXTERIOR ; EXTERIOR ; MINISTERIO DAS RELACOES EXTERIORES ; Concluido ; 73000.00 ; 73000.00 ; COLABORACAO ENTRE A EMBAIXADA DO BRASIL NA COSTA RICA E A FUNDACAO CENTRO DE ESTUDOS BRASILEIROS. NA COSTA RICA. PARA EXECUTAR PROGRAMAS.   PROJETOS E EVENTOS DE INTERESSE RECIPROCO. VIABILIZAR A OPERACAO E AS ATIVIDADES ESTATUTARIAS DA FUNDACAO.;;;;;
EXTERIOR ; EXTERIOR ; MINISTERIO DAS RELACOES EXTERIORES ; Concluido ; 160000.00 ; 160000.00 ; NORMATIZAR A COLABORACAO ENTRE A EMBAIXADA DO BRASIL NO EQUADOR E O   INSTITUTO BRASILEIRO-EQUATORIANO DE CULTURA PARA EXECUTAR PROGRAMAS.  PROJETOS E EVENTOS DE INTERESSE RECIPROCO.;;;;;
EXTERIOR ; EXTERIOR ; MINISTERIO DAS RELACOES EXTERIORES ; Concluido ; 313261.92 ; 313261.92 ; COLABORACAO ENTRE A EMBAIXADA DO BRASIL EM WASHINGTON E O BRAZILIAN   AMERICAN INSTITUTE PARA EXECUTAR PROGRAMAS. PROJETOS E EVENTOS DE IN- TERESSE RECIPROCOS E VIABILIZAR A OPERACAO E AS ATIVIDADES DO INSTITU-TO CULTURAL.;;;;;
EXTERIOR ; EXTERIOR ; MINISTERIO DAS RELACOES EXTERIORES ; Concluido ; 220000.00 ; 220000.00 ; COLABORACAO ENTRE A EMBAIXADA EM BUENOS AIRES E A FUNDACAO CENTRO DE  ESTUDOS BRASILEIROS. PARA EXECUTAR PROGRAMAS. PROJETOS E EVENTOS DE   INTERESSE RECIPROCO. VIABILIZAR A OPERACAO E AS ATIVIDADES ESTATUTA-  RIAS DA FUNDACAO.;;;;;
EXTERIOR ; EXTERIOR ; MINISTERIO DAS RELACOES EXTERIORES ; Concluido ; 266060.49 ; 251290.08 ; COLABORACAO ENTRE A EMBAIXADA DO BRASIL EM BERLIM E O INSTITUTO CULTU-RAL BRASILEIRO NA ALEMANHA PARA EXECUTAR PROGRAMA. PROJETOS E EVENTOS DE INTERESSE RECIPROCO E VIABILIZAR A OPERACAO DAS ATIVIDADES ESTATUTARIAS DO INSTITUTO.;;;;;
EXTERIOR ; EXTERIOR ; MINISTERIO DAS RELACOES EXTERIORES ; Concluido ; 118108.20 ; 118108.20 ; CONCESSAO DE APOIO FINANCEIRO PARA DIFUSAO E ENSINO DO IDIOMA PORTU-  GUES. DIVULGACAO DA CULTURA E DAS ARTES BRASILEIRAS. PROMOCAO E DIVUL-GACAO DE ESTUDOS E PESQUISAS SOBRE A CULTURA DO BRASIL. PRESERVACAO   DAS TRADICOES E DIVULGACAO DA HISTORIA DO BRASIL. REALIZACAO DE SEMINARIOS. MOSTRAS. EXPOSICOES. SIMPOSIOS. FESTIVAIS E ASSEMELHADOS PARA   CONCESSAO DESSAS ATIVIDADES.;;;;;
EXTERIOR ; EXTERIOR ; MINISTERIO DAS RELACOES EXTERIORES ; Concluido ; 183900.00 ; 183900.00 ; COLABORACAO ENTRE A EMBAIXADA DO BRASIL EM BERLIM E O INSTITUTO CULTU-RAL BRASILEIRO NA ALEMANHA PARA EXECUTAR PROGRAMA. PROJETOS E EVENTOS DE INTERESSE RECIPROCO E VIABILIZAR A OPERACAO DAS ATIVIDADES ESTATUTARIAS DO INSTITUTO.;;;;;
EXTERIOR ; EXTERIOR ; MINISTERIO DAS RELACOES EXTERIORES ; Concluido ; 100000.00 ; 100000.00 ; NORMATIZAR A COLABORACAO ENTRE A EMBAIXADA DO BRASIL EM BOGOTA E O INSTITUTO DE CULTURA BRASIL-COLOMBIA PARA EXECUTAR PROGRAMAS. PROJETOS E EVENTOS DE INTERESSE RECIPROCO. VIABILIZAR A OPERACAO E AS ATIVIDADES ESTATUTARIAS DO INSTITUTO.;;;;;
EXTERIOR ; EXTERIOR ; MINISTERIO DAS RELACOES EXTERIORES ; Concluido ; 160000.00 ; 160000.00 ; NORMATIZAR A COLABORACAO ENTRE A EMBAIXADA DO BRASIL NO EQUADOR E O   INSTITUTO BRASILEIRO-EQUATORIANO DE CULTURA PARA EXECUTAR PROGRAMAS.  PROJETOS E EVENTOS DE INTERESSE RECIPROCO.;;;;;
EXTERIOR ; EXTERIOR ; MINISTERIO DAS RELACOES EXTERIORES ; Concluido ; 302322.48 ; 298285.72 ; COLABORACAO ENTRE A EMBAIXADA DO BRASIL EM WASHINGTON E O BRAZILIAN   AMERICAN INSTITUTE PARA EXECUTAR PROGRAMAS. PROJETOS E EVENTOS DE INTERESSE RECIPROCOS E VIABILIZAR A OPERACAO E AS ATIVIDADES DO INSTITUTO CULTURAL.;;;;;
EXTERIOR ; EXTERIOR ; MINISTERIO DAS RELACOES EXTERIORES ; Concluido ; 137422.25 ; 134080.25 ; EXECUCAO DE PROGRAMAS. PROJETOS E EVENTOS DE INTERESSE RECIPROCOS E   VIABILIZAR A OPERACAO E AS ATIVIDADES ESTATUTARIAS DO INSTITUTO.;;;;;
EXTERIOR ; EXTERIOR ; MINISTERIO DAS RELACOES EXTERIORES ; Concluido ; 75000.00 ; 75000.00 ; COLABORACAO ENTRE A EMBAIXADA DO BRASIL EM CARACAS E O INSTITUTO CULTURAL BRASIL-VENEZUELA PARA REALIZAR PROGRAMAS. PROJETOS E EVENTOS DE INTERESSE RECIPROCOS. BEM COMO VIABILIZAR AS OPERACOES E ATIVIDADES ESTATUTARIAS DO INSTITUTO.;;;;;
EXTERIOR ; EXTERIOR ; MINISTERIO DAS RELACOES EXTERIORES ; Concluido ; 73000.00 ; 73000.00 ; COLABORACAO ENTRE A EMBAIXADA DO BRASIL NA COSTA RICA E A FUNDACAO CENTRO DE ESTUDOS BRASILEIROS. NA COSTA RICA. PARA EXECUTAR PROGRAMAS.PROJETOS E EVENTOS DE INTERESSE RECIPROCO. VIABILIZAR A OPERACAO E AS ATIVIDADES ESTATUTARIAS DA FUNDACAO.;;;;;
EXTERIOR ; EXTERIOR ; MINISTERIO DAS RELACOES EXTERIORES ; Concluido ; 220000.00 ; 220000.00 ; COLABORACAO ENTRE A EMBAIXADA EM BUENOS AIRES E A FUNDACAO CENTRO DE  ESTUDOS BRASILEIROS PARA EXECUTAR PROGRAMAS. PROJETOS E EVENTOS DE IN-TERESSE RECIPROCO. VIABILIZAR A OPERACAO E AS ATIVIDADES ESTATUTARIAS DA FUNDACAO.;;;;;
EXTERIOR ; EXTERIOR ; MINISTERIO DAS RELACOES EXTERIORES ; Concluido ; 148996.92 ; 104875.91 ; CONCESSaO DE APOIO FINANCEIRO PARA DIFUSaO E ENSINO DO IDIOMA PORTU-  GUeS. DIVULGACaO DA CULTURA E DAS ARTES BRASILEIRAS. PROMOCaO E DIVUL-GACaO DE ESTUDOS E PESQUISAS SOBRE A CULTURA DO BRASIL. PRESERVACaO   DAS TRADICoES E DIVULGACaO DA HISTORIA DO BRASIL. REALIZACaO DE SEMI- NARIOS. MOSTRAS. EXPOSICoES. SIMPOSIOS. FESTIVAIS E ASSEMELHADOS PARA CONCESSaO DESSAS ATIVIDADES.;;;;;
EXTERIOR ; EXTERIOR ; MINISTERIO DAS RELACOES EXTERIORES ; Concluido ; 160957.80 ; 160957.80 ; NORMATIZAR A COLABORACAO ENTRE A EMBAIXADA DO BRASIL NO EQUADOR E    OINSTITUTO BRASILEIRO-EQUATORIANO DE CULTURA PARA EXECUTAR   PROGRAMAS.PROJETOS E EVENTOS DE INTERESSE RECIPROCO;;;;;
EXTERIOR ; EXTERIOR ; MINISTERIO DAS RELACOES EXTERIORES ; Concluido ; 100000.00 ; 100000.00 ; NORMATIZAR A COLABORACAO ENTRE A EMBAIXADA DO BRASIL EM BOGOTA E O INSTITUTO DE CULTURA BRASIL COLOMBIA PARA EXECUTAR PROGRAMAS. PROJETOS  EEVENTOS DO INTERESSE RECIPROCO. VIABILIZAR A OPERACAO E AS ATIVIDADES ESTATUTARIAS DO INSTITUTO;;;;;
EXTERIOR ; EXTERIOR ; MINISTERIO DAS RELACOES EXTERIORES ; Concluido ; 196567.00 ; 196567.00 ; COLABORACAO ENTRE A EMBAIXADA DO BRASIL EM BERLIM E O INSTITUTO CULTU-RAL BRASILEIRO NA ALEMANHA PARA EXECUTAR PROGRAMA. PROJETOS E  EVENTOSDE INTERESSE RECIPROCO E VIABILIZAR A OPERACAO DAS ATIVIDADES ESTATUTARIAS DO INSTITUTO;;;;;
EXTERIOR ; EXTERIOR ; MINISTERIO DAS RELACOES EXTERIORES ; Concluido ; 144332.20 ; 218085.79 ; COLABORACAO ENTRE A EMBAIXADA EM BUENOS AIRES E A FUNDACAO CENTRO   DEESTUDOS BRASILEIROS PARA EXECUTAR PROGRAMAS. PROJETOS E EVENTOS DE IN-TERESSE RECIPROCO. VIABILIZAR A OPERACAO E AS ATIVIDADES ESTATUTARIAS DA FUNDACAO;;;;;
EXTERIOR ; EXTERIOR ; MINISTERIO DAS RELACOES EXTERIORES ; Concluido ; 221555.00 ; 221551.58 ; COLABORACAO ENTRE A EMBAIXADA DO BRASIL EM WASHINGTON E O    BRAZILIANAMERICAN INSTITUTE PARA EXECUTAR PROGRAMAS. PROJETOS E EVENTOS DE INTERESSE RECIPROCOS E VIABILIZAR A OPERCAO E AS ATIVIDADES DO   INSTITUTOCULTURAL.;;;;;
EXTERIOR ; EXTERIOR ; MINISTERIO DAS RELACOES EXTERIORES ; Concluido ; 96000.00 ; 95577.03 ; EXECUCAO DE PROGRAMAS. PROJETOS E EVENTOS DE INTERESSE RECIPROCOS    EVIABILIZAR A OPERACAO E AS ATIVIDADES ESTATUTARIAS DO INSTITUTO;;;;;
EXTERIOR ; EXTERIOR ; MINISTERIO DAS RELACOES EXTERIORES ; Concluido ; 76800.00 ; 76800.00 ; COLABORACAO ENTRE A EMBAIXADA DO BRASIL EM CARACAS E O INSTITUTO CULTURAL BRASIL-VENEZUELA PARA REALIZAR PROGRAMAS. PROJETOS E EVENTOS DE INTERESSE RECIPROCOS. BEM COMO VIABILIZAR AS OPERACOES E ATIVIDADES ESTATUTARIAS DO INSTITUTO;;;;;
EXTERIOR ; EXTERIOR ; MINISTERIO DAS RELACOES EXTERIORES ; Concluido ; 74817.00 ; 74817.00 ; COLABORACAO ENTRE A EMBAIXADA DO BRASIL NA COSTA RICA E A FUNDACAO CENTRO DE ESTUDOS BRASILEIROS. NA COSTA RICA. PARA EXECUTAR PROGRAMAS.PROJETOS E EVENTOS DE INTERESSE RECIPROCO. VIABILIZAR A OPERACAO E AS ATIVIDADES ESTATUTARIAS DA FUNDACAO;;;;;
EXTERIOR ; EXTERIOR ; MINISTERIO DAS RELACOES EXTERIORES ; Concluido ; 195864.00 ; 195864.00 ; COLABORACAO ENTRE A EMBAIXADA EM WASHINGTON E O BRAZILIAN-AMERICAN INSTITUTE PARA EXECUTAR PROGRAMAS. PROJETOS E EVENTOS DE INTERESSE RECI- PROCO. VIABILIZAR A OPERACAO E AS ATIVIDADES DO INSTITUTO CULTURAL.;;;;;
EXTERIOR ; EXTERIOR ; MINISTERIO DAS RELACOES EXTERIORES ; Concluido ; 69316.00 ; 69316.00 ; COLABORACAO ENTRE A BRASEMB COSTA RICA E A FUNDACAO CENTRO DE ESTUDOS SAO JOSE PARA EXECUTAR PROGRAMAS.PROJETOS.E EVENTOS DE INTERESSE RECI PROCO.VIABILIZAR A OPERACAO E AS ATIVIDADES ESTATUTARIAS DA FUNDACAO;;;;;
EXTERIOR ; EXTERIOR ; MINISTERIO DAS RELACOES EXTERIORES ; Concluido ; 123482.76 ; 123482.76 ; DIFUSAO E ENSINO DO IDIOMA PORTUGUES. DIVULGACAO DA CULTURA E DAS ARTES BRASILEIRAS. PROMOCAO E DIVULGACAO DE ESTUDOS E PESQUISAS SOBRE A CULTURA DO BRASIL. PRESERVACAO DAS TRADICOES E DIVULGACAO DA HISTORIA DO BRASIL. REALIZACOES DE SEMINARIOS. MOSTRAS. EXPOSICOES. SIMPOSIOS.   FESTIVAIS E ASSEMELHADOS PARA A CONSECUCAO DAS ATIVIDADES ACIMA DESCRITAS.;;;;;
EXTERIOR ; EXTERIOR ; MINISTERIO DAS RELACOES EXTERIORES ; Concluido ; 76800.00 ; 76800.00 ; CONCESSAO DE APOIO FINANCEIRO DO CONCEDENTE AO CONVENENTE PARA A DIFUSAO DO ENSINO DO IDIOMA PORTUGUES.DIVILGACAO DA CULTURA E DAS ARTES BRASILEIRAS.PROMOCAO E DIVULGACAO DE ESTUDOS.PESQUISAS SOBRE A CULTURA DOBRASIL.PRESERVACAO DAS TRADICOES E DIVULGACAO  DA HISTORIA DO BRASIL  REALIZACAO DE SEMINARIOS.MOSTRAS.EXPOSICOES.SIMPOSIOS.FESTIVAIS E ASSEMELHADOS PARA A CONSECUCAO DAS ATIVIDADES;;;;;
EXTERIOR ; EXTERIOR ; MINISTERIO DAS RELACOES EXTERIORES ; Concluido ; 152255.00 ; 152255.00 ; CONCESSAO DE APOI FINANCEIRO PARA DIFUSAO E ENSINO DO IDIOMA PORTUGUES. DIVULGACAO DA CULTURA E DAS ARTES BRASILEIRAS. PROMOCAO E DIVULGACAO DE ESTUDOS E PESQUISAS SOBRE A CULTURA DO BRASIL. PRESERVACAO DAS TRADICOES E DIVULGACAO DA HISTORIA DO BRASIL. REALIZACAO DE SEMINARIOS. MOSTRAS. EXPOSICOES. SIMPOSIOS. FETIVAIS E ASSEMELHADOS PARA CONSECAO DESSAS ATIVIDADES;;;;;
EXTERIOR ; EXTERIOR ; MINISTERIO DAS RELACOES EXTERIORES ; Concluido ; 143767.00 ; 143767.00 ; CONCESSAO DE APOIO FINANCEIRO DO CONCEDENTE AO CONVENENTE PARA A DIFUSAO E ENSINO DO IDIOMA PORTUGUES. DIVULGACAO DA CULTURA E DAS ARTES BRASILEIRAS. PROMOCAO E DIVULGACAO DE ESTUDOS. PESQUISA SOBRE A CULTURA DO BRASIL. PRESERVACAO DAS TRADICOES E DIVULGACAO DA HISTORIA DO BRASIL. REALIZACAO DE SEMINARIOS. MOSTRAS. EXPOSICOES. SIMPOSIOS. FESTIVAIS E ASSEMELHADOS PARA A CONCECUSSAO DAS ATIVIDADES.;;;;;
EXTERIOR ; EXTERIOR ; MINISTERIO DAS RELACOES EXTERIORES ; Concluido ; 100000.00 ; 100000.00 ; DIFUSAO E ENSINO DO IDIOMA PORTUGUES. DIVULGACAO DA CULTURA E DAS AR- TES BRASILEIRAS. PROMOCAO E DIVULGACAO DE ESTUDOS E PESQUISAS SOBRE A CULTURA DO BRASIL. PRESERVACAO DAS TRADICOES E DIVULGACAO DA HISTORIA DO BRASIL. REALIZACAO DE SEMINARIOS MOSTRAS. EXPOSICOES . SIMPOSIOS.  FESTIVAIS E ASSEMELHADOS PARA A CONSECUCAO DAS ATIVIDADES ACIMA DESCRITAS.;;;;;
EXTERIOR ; EXTERIOR ; MINISTERIO DAS RELACOES EXTERIORES ; Concluido ; 96000.00 ; 96000.00 ; EXECUCAO DE PROGRAMAS PROJETOS E EVENTOS DE INTERESSE RECIPROCOS. VIABBILIZAR A OPERACAO E AS ATIVIDADES ESTATUTARIAS DA FUNDACAO.;;;;;
EXTERIOR ; EXTERIOR ; MINISTERIO DAS RELACOES EXTERIORES ; Concluido ; 243740.00 ; 243740.00 ; EXECUCAO DE PROGRAMAS PROJETOS E EVENTOS DE INTERESSES RECIPROCOS VIA-BILIZAR A OPERACAO E AS ATIVIDADES ESTATUTARIAS DA FUNDACAO.;;;;;
EXTERIOR ; EXTERIOR ; MINISTERIO DAS RELACOES EXTERIORES ; Concluido ; 30000.00 ; 30000.00 ; APOIAR AO SEMINARIO 'BRASIL-ARGENTINA: A VISAO DO OUTRO. UMA APROXIMA-CAO INTERDISCIPLINARIA EM TORNO A QUESTAO DA SOBERANIA'. A SER REALIZADO NA CIDADE DE BUENOS AIRES NOS DIAS 04. 05. 06 DE DEZEMBRO DE 2000.;;;;;
EXTERIOR ; EXTERIOR ; MINISTERIO DAS RELACOES EXTERIORES ; Concluido ; 143767.00 ; 143767.00 ; COLABORACAO ENTRE O CONSULADO BRASILEIRO EM BERLIM E O INSTITUTO PARA EXECUTAR PROGRAMAS. PROJETOS E EVENTOS DE INTERESSE RECIPROCO. VIABILIZAR A OPERACAO DAS ATIVIDADES ESTATUTARIAS DO INSTITUTO: DIFUSAO E EN-SINO DO IDIOMA PORTUGUES. DIVULGACAO DA CULTURA E ARTES BRASILEIRAS.  PROMOCAO E DIVULGACAO DE ESTUDOS PESQUISAS SOBRE A CULTURA DO BRASIL. PRESERVACAO DAS TRADICOES E DIVULGACAO DA HISTORIA DO BRASIL.;;;;;
EXTERIOR ; EXTERIOR ; MINISTERIO DAS RELACOES EXTERIORES ; Concluido ; 123493.20 ; 123480.00 ; DIFUSAO E ENSINO DO IDIOMA PORTUGUES.DIVULGACAO DA CULTURA E DAS ARTESBRASILEIRAS.PROMOCAO E DIVULGACAO DE ESTUDOS E PESQUISAS SOBRE A CULTURA DO BRASIL.PRESERVACAO DAS TRADICOES E DIVULGACAO DA HISTORIA DO BRASIL.REALIZACOES DE SEMINARIOS.MOSTRAS.EXPOSICOES.SIMPOSIOS.FESTIVAIS E ASSEMELHADOS PARA A CONSECUCAO DAS ATIVIDADES ACIMAS DESCRITAS.;;;;;
EXTERIOR ; EXTERIOR ; MINISTERIO DAS RELACOES EXTERIORES ; Concluido ; 76800.00 ; 76800.00 ; DIFUSAO E ENSINO DO IDIOMA POR PORTUGUES. DIVULGACAO DA CULTURA E DAS ARTES BRASILEIRAS. PROMOCAO DIVULGACAO DE ESTUDOS E PESQUISAS SOBRE A CULTURA DO BRASIL. PRESERVACAO DAS TRADICOES E DIVULGACAO DA HISTORIA DO BRASIL E REALIZACAO DE SEMINARIOS. MOSTRAS. EXPOSICOES E SIMPOSIOS FESTIVAIS E ASSEMELHADOS PARA CONSECUCAO DAS ATIVIDADES ACIMA DESCRI- TAS.;;;;;
EXTERIOR ; EXTERIOR ; MINISTERIO DA EDUCACAO ; Adimplente ; 5021.97 ; 0.00 ; CAPACITACAO DE PROFESSORES PARA O APERFEICOAMENTO CIENTIFICO. TECNOLO-GICO E PEDAGOGICO. DENTRO DO CONJUNTO DE AREAS JULGADAS  PRIORITARIAS AO DESENVOLVIMENTO DA EDUCACAO PROFISSIONAL.;;;;;
EXTERIOR ; EXTERIOR ; MINISTERIO DAS RELACOES EXTERIORES ; Concluido ; 116270.00 ; 116270.00 ; EXECUTAR PROGRAMAS PROJETOS E EVENTOS DE INTERESSE RECIPROCO.VIABILI- ZAR A OPERACAO E AS ATIVIDADES ESTATUTARIAS DO 'INSCULBRAS - USA';;;;;
EXTERIOR ; EXTERIOR ; MINISTERIO DAS RELACOES EXTERIORES ; Concluido ; 96000.00 ; 96000.00 ; ESTRUTURACAO INSTITUCIONAL DO INSTITUTO URUGUAIO-BRASILEIRO. DIFUSAO EENSINO DO IDIOMA PORTUGUES DA CULTURA E HISTORIA DO BRASIL. E REALIZA-CAO DE EVENTOS. ESTUDOS E PESQUISAS EM FAVOR DA CULTURA BRASILEIRA NO URUGUAY.;;;;;
EXTERIOR ; EXTERIOR ; MINISTERIO DAS RELACOES EXTERIORES ; Concluido ; 100000.00 ; 99907.00 ; DIFUSAO E ENSINO DO IDIOMA PORTUGUES. DIVUOLGACAO DA CULTURA E DAS AR-TES BRASILEIRAS. PROMOCAO E DIVULGACAO DE ESTUDOS E PESQUISAS SOBRE A CULTURA DO BRASIL. PRESERVACAO DAS TRADICOES E DIVULGACAO DA HISTORIA DO BRASIL. REALIZACAO DE SEMINARIOS MOSTRAS. EXPOSICOES. SIMPOSIOS.   FESTIVAIS E ASSEMELHADOS PARA CONSECUCAO DAS ATIVIDADES ACIMA.;;;;;
EXTERIOR ; EXTERIOR ; MINISTERIO DAS RELACOES EXTERIORES ; Concluido ; 148000.00 ; 148000.00 ; EXECUCAO DE PROGRAMAS PROJETOS E EVENTOS DE INTERESSE RECIPROCOS VIABILIZAR A OPERACAO E AS ATIVIDADES ESTATUTARIAS DA FUNDACAO.;;;;;
EXTERIOR ; EXTERIOR ; MINISTERIO DAS RELACOES EXTERIORES ; Concluido ; 185546.00 ; 136786.00 ; CONCESSAO DE APOIO FINANCEIRO AO CONVENENTE PARA DIFUSAO E ENSINO DO IDIOMA PORTUGUES. DIVULGACAO DA CULTURA E DAS ARTES BRASILEIRAS. PROMO-CAO E DIVULGACAO DE ESTUDOS E PESQUISAS SOBRE A CULTURA DO BRASIL. PRESERVACAO DAS TRADICOES E DIVULGACAO DA HISTORIA DO BRASIL. REALIZACAO DE SEMINARIOS. MOSTRAS. EXPOSICOES. SIMPOSIOS. FESTIVAIS E ASSEMELHADOS PARA CONSECUCAO DESSAS ATIVIDADES.;;;;;
EXTERIOR ; EXTERIOR ; MINISTERIO DAS RELACOES EXTERIORES ; Concluido ; 68300.00 ; 68300.00 ; COLABORACAO ENTRE BRASEMB COSTA RICA E A FUNDACAO CENTRO DE ESTUDOS   SAO JOSE. PARA EXECUTAR PROGRAMAS PROJETOS E EVENTOS DE INTERESSE RECIPROCO. VIABILIZAR A OPERACAO E AS ATIVIDADES ESTATUTARIAS DA FUNDACAO.;;;;;
EXTERIOR ; EXTERIOR ; MINISTERIO DAS RELACOES EXTERIORES ; Concluido ; 38160.00 ; 38160.00 ; COLABORACAO ENTRE A BRASEMB COSTA RICA E A FUNDACAO CENTRO DE ESTUDOS SAO JOSE PARA EXECUTAR PROGRAMAS.PROJETOS E EVENTOS DE INTERESSE RECI-PROCO.VIABILIAZAR A OPERACAO E AS ATIVIDADES ESTATUARIAS DA FUNDACAO;;;;;
EXTERIOR ; EXTERIOR ; MINISTERIO DAS RELACOES EXTERIORES ; Concluido ; 100000.00 ; 100000.00 ; COLABORACAO ENTRE BRASEMB BOGOTA E O INSTITUTO DE CULTURA BRASIL-COLOMBIA PARA EXECUTAR PROGRAMAS. PROJETOS E EVENTOS DE INTERESSE RECIPROCOVIABILIZAR A OPERACAO E AS ATIVIDADES ESTATUTARIAS DO INSTITUTO.;;;;;
EXTERIOR ; EXTERIOR ; MINISTERIO DAS RELACOES EXTERIORES ; Concluido ; 141270.00 ; 141270.00 ; EXECUTAR PROGRAMAS PROJETOS E EVENTOS DE INTERESSE RECIPROCO.VIABILI- ZAR A OPERACAO E AS ATIVIDADES ESTATURIAS DO ' INSCULBRAS - USA';;;;;
EXTERIOR ; EXTERIOR ; MINISTERIO DAS RELACOES EXTERIORES ; Concluido ; 148000.00 ; 148000.00 ; EXECUCAO DE PROGRAMAS.PROJETOS E EVENTOS DE INTERESSE RECIPROCO.VIABI-LIZAR A OPERACAO E AS ATIVIDADES ESTATUTARIAS DA FUNDACAO;;;;;
EXTERIOR ; EXTERIOR ; MINISTERIO DA SAUDE ; Concluido ; 13200.00 ; 13200.00 ; IDENTIFICACAO E ANALISE DAS REFORMAS REALIZADAS NO BRASIL. A IDENTIFI-CACAO E ANALISE DAS REFORMAS GOVERNAMENTAIS RELEVANTES REALIZADA    NOSETOR SAUDE. NA AMERICA LATINA E A IDENTIFICACAO DE ATORES NO PROCESSOE O FOMENTO DO CONTATO ENTRE ELES E O MINISTERIO DA SAUDE.;;;;;
EXTERIOR ; EXTERIOR ; MINISTERIO DA SAUDE ; Adimplente ; 17255085.00 ; 16420295.00 ; COOPERACAO E ASSISTENCIA TECNICA PARA VIABILIZAR O DESENVOLVIMENTO  DEACOES QUE POSSIBILITEM ESTABELECER PROCESSOS DE MODERNIZACAO NOS COMPONENTES GESTAO. EDUCACAO. CULTURA.MEIO-AMBIENTE E CIENCIA.  A  PARCERIACOM A UNESCO PERMITIRA IMPLEMENTAR AS ACOES DE MELHORIA DE GESTAO.   ODESENVOLVIMENTO DE ACOES EDUCATIVAS E DE PROMOCAO A SAUDE INDIGENA. DESENVOLVIMENTO DE INSTRUMENTAL TECNICO E ADMINIST.P/A ESTRUTURACAO DA A;;;;;
EXTERIOR ; EXTERIOR ; MINISTERIO DAS RELACOES EXTERIORES ; Concluido ; 76800.00 ; 76800.00 ; ESTRUTURACAO INSTITUCIONAL DO INSTITUTO CULTURAL BRASIL-VENEZUELA. DI-FUSAO E ENSINO DO IDIOMA PORTUGUES. CULTURA E HISTORIA DO BRASIL E REALIZACAO DE EVENTOS. ESTUDOS E INVESTIGACOES EM FAVOR DA CULTURA BRASI-LEIRA NA VENEZUELA.;;;;;
EXTERIOR ; EXTERIOR ; MINISTERIO DAS RELACOES EXTERIORES ; Concluido ; 96000.00 ; 79035.00 ; ESTRUTURACAO INSTITUCIONAL DO INSTITUTO DE CULTURA URUGUAIO-BRASILEIRODIFUSAO E ENSINO DO IDIOMA PORTUGUES. CULTURA E HISTORIA DO BRASIL E  REALIZACAO DE EVENTOS. ESTUDOS E PESQUISAS EM FAVOR DA CULTURA BRASI -LEIRA NO URUGUAI.;;;;;
EXTERIOR ; EXTERIOR ; MINISTERIO DAS RELACOES EXTERIORES ; Concluido ; 143767.00 ; 143767.00 ; COLABORACAO ENTRE O CONSULADO BRASILEIRO EM BERLIM E O INSTITUTO PARA EXECUTAR PROGRAMAS. PROJETOS E EVENTOS DE INTERESSE RECIPROCO. VIABILIZAR A OPERACAO DAS ATIVIDADES ESTATUTARIAS DO INSTITUTO: DIFUSAO E EN-SINO DO IDIOMA PORTUGUES. DIVULGACAO DA CULTURA E ARTES BRASILEIRAS.  PROMOCAO E DIVULGACAO DE ESTUDOS PESQUISAS SOBRE A CULTURA DO BRASIL. PRESERVACAO DAS TRADICOES E DIVULGACAO DA HISTORIA DO BRASIL. ETC.;;;;;
EXTERIOR ; EXTERIOR ; MINISTERIO DAS RELACOES EXTERIORES ; Concluido ; 171072.00 ; 154512.55 ; CONCESSAO DE APOIO FINANCEIRO AO CONVENENTE PARA A DIFUSAO E ENSINO DOIDIOMA PORTUGUES. DIVULGACAO DA CULTURA E DAS ARTES BRASILEIRAS. PROMOCAO E DIVULGACAO DE ESTUDOS E PESQUISAS SOBRE A CULTURA DO BRASIL.PRESERVACAO DAS TRADICOES E DIVULGACAO DA HISTORIA DO BRASIL. REALIZACAO  DE SEMINARIOS. MOSTRAS. EXPOSICOES. SIMPOSIOS. FESTIVAIS E ASSEMELHADOPARA A CONSECUCAO DESTAS ATIVIDADES.;;;;;
EXTERIOR ; EXTERIOR ; MINISTERIO DAS RELACOES EXTERIORES ; Concluido ; 123480.00 ; 123480.00 ; CONCESSAO DE APOIO FINANCEIRO AO CONVENENTE PARA A DIFUSAOE ENSINO DO IDIOMA PORTUGUES. A DIVULGACAO DA CULTURA E DAS ARTES BRASILEIRAS. A  PROMOCAO E DIVULGACAO DE ESTUDOS E PESQUISAS SOBRE A CULTURA DO BRASILPRESERVACAO DAS TRADICOES E DIVULGACAO DA HISTORIA DO BRASIL. E A REA-LIZACAO DE SEMINARIOS. MOSTRAS. EXPOSICOES. FESTIVAIS E ASSEMELHADOS. PARA A CONSECUCAO DESTAS ATIVIDADES.;;;;;
EXTERIOR ; EXTERIOR ; MINISTERIO DA SAUDE ; Adimplente ; 1800000.00 ; 1800000.00 ; COOPERACAOE ASSITENCIA TECNICA PARA VIABILIZAR A IMPLEMENTACAO DE ACOES DE MELHORIA DE GESTAO E VIGILANCIA EM SAUDE. COM DESTAQUE AQUELAS RELACIONADAS COM A VIGILANCIA AMBIENTAL E EPIDEMIOLOGICA E PROMOCAO A SAUDE. PRIMEIRO AJUSTE RELATIVO AO ACORDO 02/98 (O ACORDO VISA VIABILIZAR O DESENV. DE ACOES QUE POSSIBILITEM ESTABELECER PROCESSOS DE MODERNIZACAO DOS COMPONENTES GESTAO. EDUCACAO. CULTURA. MEIO AMBIENTE E CIENC;;;;;
EXTERIOR ; EXTERIOR ; MINISTERIO DAS RELACOES EXTERIORES ; Concluido ; 48000.00 ; 48000.00 ; EXECUTAR PROGRAMAS PROJETOS E EVENTOS DE INTERESSE RECIPROCO. VIABILI-ZAR AS OPERACOES E AS ATIVIDADES ESTATUTARIAS DO 'ICUB'.;;;;;
EXTERIOR ; EXTERIOR ; MINISTERIO DAS RELACOES EXTERIORES ; Concluido ; 94460.00 ; 94460.00 ; EXECUTAR PROGRAMAS PROJETOS E EVENTOS DE INTERESSE RECIPROCO. VIABILI-ZAR A OPERACAO E AS ATIVIDADES ESTATURIAS DO 'INSCULBRA-USA'.;;;;;
EXTERIOR ; EXTERIOR ; MINISTERIO DAS RELACOES EXTERIORES ; Concluido ; 227867.00 ; 211108.00 ; COLABORACAO ENTRE A EMBAIXADA DO BRASIL EM BUENOS AIRES E A FUNDACAO  CENTRO DE ESTUDOS BRASILEIROS-ARGENTINA PARA EXERCER PROGRAMAS PROJETOS E EVENTOS DE INTERESSE RECIPROCO. VIABILIZAR A OPERACAO E ATIVIDADESESTATUTARIAS DA FUNDACAO.;;;;;
EXTERIOR ; EXTERIOR ; MINISTERIO DAS RELACOES EXTERIORES ; Concluido ; 117106.66 ; 105360.00 ; COLABORACAO ENTRE A EMBAIXADA DO BRASIL EM QUITO E O INSTITUTO BRASI- LEIRO-EQUATORIANO DE CULTURA PARA EXECUTAR PROGRAMAS. PROJETOS E EVENTOS DE INTERESSE RECIPROCO. VIABILIZAR A OPERACAO E AS ATIVIDADES ESTA-TUTARIAS DO IBEC.;;;;;
EXTERIOR ; EXTERIOR ; MINISTERIO DAS RELACOES EXTERIORES ; Concluido ; 178288.61 ; 178288.61 ; COLABORACAO ENTRE O CONSULADO GERAL DO BRASIL EM MILAO E O IBRITAL PARA EXECUTAR PROGRAMAS. PROJETOS E EVENTOS DE INTERESSE RECIPROCO. VIABILIZAR A OPERACAO E AS ATIVIDADES ESTATUTARIAS DO IBRITAL-MILAO;;;;;
EXTERIOR ; EXTERIOR ; MINISTERIO DAS RELACOES EXTERIORES ; Concluido ; 89595.31 ; 76800.00 ; COLABORACAO ENTRE A EMBAIXADA DO BRASIL EM CARACAS E O INSTITUTO CULTURAL BRASIL-VENEZUELA PARA EXERCER PROGRAMAS PROJETOS E EVENTOS DE INTERESSE RECiPROCO. VIABILIZAR A OPERACAO  E ATIVIDADES ESTATUTaRIAS DO  INSTITUTO.;;;;;
EXTERIOR ; EXTERIOR ; MINISTERIO DAS RELACOES EXTERIORES ; Concluido ; 203483.85 ; 203483.85 ; COLABORAcaO ENTRE BRASEMB BOGOTA E O 'INSCULBRACOLOMBIA' PARA EXECUTARPROGRAMAS. PROJETOS E EVENTOS DE INTERESSE RECiPROCO. VIABILIZAR A OPERAcaO E AS ATIVIDADES ESTATUTaRIAS DO INSTITUTO.;;;;;
EXTERIOR ; EXTERIOR ; MINISTERIO DAS RELACOES EXTERIORES ; Concluido ; 17000.00 ; 17000.00 ; ORGANIZACAO E PUBLICACAO DOS ANAIS DO SEMINARIO 'BRASIL-ARGENTINA. FORMACAO DA IDENTIDADE NACIONAL: A VISAO DO OUTRO - SEGUNDA PARTE'.   COMAPENDICE DAS PRINCIPAIS PESQUISAS REALIZADAS NO CAMPO DA HISTORIA   DOBRASIL SOBRE A ARGENTINA E NA ARGENTINA SOBRE O BRASIL.;;;;;
EXTERIOR ; EXTERIOR ; MINISTERIO DAS RELACOES EXTERIORES ; Concluido ; 126200.00 ; 126200.00 ; COLABORAcaO ENTRE O CONSULADO-GERAL DO BRASIL EM BERLIM E O INSTITUTO CULTURAL BRASILEIRO EM BERLIM. PARA EXECUTAR PROGRAMAS. PROJETOS E    EVENTOS DE INTERESSE RECiPROCO. VIABILIZAR A OPERAcaO E AS ATIVIDADES ESTUTUTaRIAS DO 'ICBRA'.;;;;;
EXTERIOR ; EXTERIOR ; MINISTERIO DA CULTURA ; Concluido ; 28000.00 ; 27037.50 ; TRANSFERENCIA A UNIVERSITY OF TEXAS AT AUSTIN REF. A REALIZACAO DA    EXPOSICAO GRAFICA DE DESENHOS CONTEMPORANEOS BRASILEIROS;;;;;
EXTERIOR ; EXTERIOR ; MINISTERIO DA CULTURA ; Concluido ; 11000.00 ; 10750.00 ; TRANSFERENCIA DE RECURSOS OBJETIVANDO A DIFUSAO DE OBRAS LITERARIAS   BRASILEIRA NO EXTERIOR;;;;;
EXTERIOR ; EXTERIOR ; MINISTERIO DAS RELACOES EXTERIORES ; Concluido ; 12000.00 ; 12000.00 ; - ORGANIZACAO CONJUNTO DO SEMINARIO 'ARGENTINA BRASIL Y LA FORMACION  DE LA IDENTIDAD NACIONAL LA VISION DEL OTRO' QUE SERA REALIZADO   EM  BUENOS AIRES NOS DIAS 06 E 07 DE MAIO 1997.;;;;;
EXTERIOR ; EXTERIOR ; MINIST. DA INDUSTRIA. COM.EXTERIOR E SERVICOS ; Concluido ; 10683000.00 ; 10683000.00 ; IMPLEMENTACAO DE ACOES PREVISTAS NO DOCUMENTO DE PROJETO - TERMO DE   REFERENCIA PARA A MODERNIZACAO E CONCLUSAO DA AUTOMACAO DO INPI. OU   SEJA. ANEXO I = DESCRICAO DO SUBSETOR. ESTRATEGIA DO PAIS RECEPTOR.   COOPERACAO PREVIA E EM ANDAMENTO E QUADRO INSTITUCIONAL DO SUBSETOR.;;;;;
